date,weekday,dday,season,situation,scene,bgm_title,bgm_artist,bgm_year,mission,merryhood_level,status
2026-10-02,금,D-84,연말 예열,크리스마스까지 84일 남았다는 걸 방금 알았다. 올해 벌써 이렇게 됐다고?,캘린더,It's Beginning to Look a Lot Like Christmas,Michael Bublé,2011,오늘부터 카운트다운 같이 하기 (팔로우 ✔),약,대기
2026-10-03,토,D-83,연말 예열,연휴 첫날. 계획은 많았는데 눈 떠 보니 오후 2시.,알람 기록,Cozy Little Christmas,Katy Perry,2018,이번 연휴에 할 일 딱 1개만 정하기,약,대기
2026-10-04,일,D-82,연말 예열,사진첩을 넘기다 깨달았다. 올해 친구들이랑 찍은 사진이 거의 없다.,사진첩,The Christmas Song,Nat King Cole,1946,오랜만인 친구한테 안부 DM 보내기,중,대기
2026-10-05,월,D-81,연말 예열,아직 반팔 입고 다니는데 마음은 이미 연말이다.,날씨 앱,Let It Snow! Let It Snow! Let It Snow!,Dean Martin,1959,올해 연말에 꼭 하고 싶은 거 댓글로 적기,약,대기
2026-10-06,화,D-80,연말 예열,"1월에 써 둔 '올해 목표' 메모를 다시 열어 봤다. 운동, 영어, 저축…",메모장,Step Into Christmas,Elton John,1973,올해 목표 중 하나만 오늘 다시 시작하기,약,대기
2026-10-07,수,D-79,연말 예열,퇴근길 카페에 벌써 겨울 시즌 메뉴 포스터가 붙었다.,단톡방,A Holly Jolly Christmas,Burl Ives,1964,올겨울 첫 시즌 메뉴 마셔 보기,약,대기
2026-10-08,목,D-78,연말 예열,"남은 연차를 세어 봤다. 생각보다 많고, 쓸 날은 생각보다 없다.",메모장,Driving Home for Christmas,Chris Rea,1986,남은 연차 크리스마스 근처에 미리 찜하기,중,대기
2026-10-09,금,D-77,연말 예열,쉬는 날인데 단톡방이 조용하다. 다들 뭐 하지?,단톡방,크리스마스니까,젤리피쉬,2012,단톡방에 '오늘 뭐 해?' 먼저 보내기,중,대기
2026-10-10,토,D-76,연말 예열,친구 결혼식에서 만난 동창들. 헤어지면서 나온 말: '연말에 한번 보자!',단톡방,Happy Xmas (War Is Over),John Lennon & Yoko Ono,1971,그 자리에서 날짜 후보 2개 던지기,강,대기
2026-10-11,일,D-75,연말 예열,전기장판을 꺼냈다. 이불 밖은 위험한 계절 개막.,장바구니,Winter Wonderland,스탠더드 캐럴,1934,겨울 이불 꺼내서 세탁 돌리기,약,대기
2026-10-12,월,D-74,연말 예열,월요병인데 크리스마스까지 74일이라는 사실 하나로 버틴다.,캘린더,It's the Most Wonderful Time of the Year,Andy Williams,1963,이번 주 기대되는 일 하나 만들기,약,대기
2026-10-13,화,D-73,연말 예열,벌써 연말 모임 장소를 알아보는 친구 vs 아무 생각 없는 나.,단톡방,8 Days of Christmas,Destiny's Child,2001,연말 모임 장소 후보 미리 저장해 두기,강,대기
2026-10-14,수,D-72,연말 예열,회사에서 벌써 '올해 마무리'라는 말이 나오기 시작했다.,메신저,Thank God It's Christmas,Queen,1984,올해 끝내야 할 일 3개만 적어 보기,약,대기
2026-10-15,목,D-71,연말 예열,니트를 처음 꺼낸 날. 작년 니트는 보풀이 한가득.,사진,Santa Baby,Eartha Kitt,1953,보풀 제거기 장바구니에 담기,약,대기
2026-10-16,금,D-70,연말 예열,불금인데 결국 집. 크리스마스 영화만 계속 찾아보는 중.,검색 기록,Have Yourself a Merry Little Christmas,Judy Garland,1944,올해 볼 크리스마스 영화 리스트 저장하기,약,대기
2026-10-17,토,D-69,연말 예열,핼러윈 코스튬 뭐 할지 단톡방 회의 시작.,단톡방,Run Rudolph Run,Chuck Berry,1958,핼러윈 모임 날짜부터 정하기,강,대기
2026-10-18,일,D-68,연말 예열,다이소에 크리스마스 코너가 생긴 걸 봤다. 10월인데?,사진,Rockin' Around the Christmas Tree,Brenda Lee,1958,올해 트리 장식 하나 미리 사 두기,약,대기
2026-10-19,월,D-67,연말 예열,친구 생일 선물 고르다가 연말 선물까지 고민하게 됐다.,장바구니,Underneath the Tree,Kelly Clarkson,2013,선물 줄 사람 리스트 미리 적어 두기,약,대기
2026-10-20,화,D-66,연말 예열,"일교차 15도. 아침엔 패딩, 낮엔 반팔.",날씨 앱,Snowman,Sia,2017,외투 하나는 꼭 챙기기,약,대기
2026-10-21,수,D-65,연말 예열,회사 동기가 말했다. '올해 송년회는 우리끼리 하자.',메신저,Jingle Bell Rock,Bobby Helms,1957,동기 송년회 날짜 투표 올리기,강,대기
2026-10-22,목,D-64,연말 예열,핼러윈 파티 초대를 받았는데 입을 게 없다.,단톡방,Christmas Wrapping,The Waitresses,1981,옷장에 있는 걸로 코스튬 하나 만들어 보기,중,대기
2026-10-23,금,D-63,연말 예열,핼러윈 코스튬 직구했는데 배송이 11월이란다.,장바구니,Santa Claus Is Comin' to Town,스탠더드 캐럴,1934,주말 전에 받을 수 있는 걸로 다시 고르기,약,대기
2026-10-24,토,D-62,연말 예열,핼러윈 파티 D-7. 아직 장소가 안 정해졌다.,단톡방,Deck the Halls,웨일스 전통 캐럴,,이번 주 안에 장소 확정하기,강,대기
2026-10-25,일,D-61,연말 예열,단풍 보러 가서 사람 뒤통수만 찍고 왔다.,사진첩,Christmas Tree Farm,Taylor Swift,2019,베스트 컷 한 장 골라서 프사 바꾸기,약,대기
2026-10-26,월,D-60,연말 예열,크리스마스 두 달 전. 내 캘린더 속 연말 약속은 0개.,캘린더,Last Christmas,Wham!,1984,12월 주말에 약속 하나 미리 넣기,강,대기
2026-10-27,화,D-59,연말 예열,"'단풍 보러 가자' 했던 약속, 결국 아무도 안 갔다.",단톡방,Fairytale of New York,The Pogues,1987,흐지부지된 약속 하나 다시 살리기,중,대기
2026-10-28,수,D-58,연말 예열,팀장님이 송년회 장소 알아보라고 하셨다. 왜 나야?,메신저,Wonderful Christmastime,Paul McCartney,1979,장소 후보 3곳 비교표 만들기,강,대기
2026-10-29,목,D-57,연말 예열,핼러윈 분장 연습하다가 거울 보고 현타 왔다.,사진,Christmas (Baby Please Come Home),Darlene Love,1963,분장 전/후 사진 남겨 두기,중,대기
2026-10-30,금,D-56,연말 예열,핼러윈 전날. 홍대 갈 사람? 사람 엄청 많겠지?,단톡방,Sleigh Ride,The Ronettes,1963,붐비는 거리 대신 우리끼리 모일 곳 정하기,강,대기
2026-10-31,토,D-55,연말 예열,핼러윈 당일. 근데 진짜 궁금하다. 내일부터 캐럴 틀어도 되는 거지?,검색 기록,Jingle Bells,전통 캐럴,1857,오늘 밤 12시 땡 하면 캐럴 재생하기,중,대기
2026-11-01,일,D-54,약속 잡기 시즌,11월 1일. 드디어 캐럴을 당당하게 틀어도 되는 날.,플레이리스트,All I Want for Christmas Is You,Mariah Carey,1994,오늘 첫 캐럴 듣고 스토리에 올리기,중,대기
2026-11-02,월,D-53,약속 잡기 시즌,올해 남은 주말을 세어 봤다. 고작 8번.,캘린더,One More Sleep,Leona Lewis,2013,남은 주말에 보고 싶은 사람 이름 적기,강,대기
2026-11-03,화,D-52,약속 잡기 시즌,'연말에 보자' 단톡방이 3개인데 날짜 잡힌 방은 0개.,단톡방,Merry Christmas Everyone,Shakin' Stevens,1985,제일 오래된 단톡방에 날짜 투표 올리기,강,대기
2026-11-04,수,D-51,약속 잡기 시즌,송년회 회비를 얼마 걷을지 정하다가 싸울 뻔했다.,단톡방,Feliz Navidad,José Feliciano,1970,1인당 예산부터 먼저 정하기,강,대기
2026-11-05,목,D-50,약속 잡기 시즌,D-50. 올해 목표 달성률을 확인해 봤다.,메모장,Step Into Christmas,Elton John,1973,아직 늦지 않은 목표 하나 골라 보기,약,대기
2026-11-06,금,D-49,약속 잡기 시즌,"금요일 저녁, 연말 모임 장소만 2시간째 검색 중.",검색 기록,Mistletoe,Justin Bieber,2011,장소 후보를 3개로 줄이기,강,대기
2026-11-07,토,D-48,약속 잡기 시즌,갑자기 추워졌다. 옷장 깊숙이 있던 패딩 소환.,날씨 앱,White Christmas,Bing Crosby,1942,패딩 주머니에서 작년 영수증 찾기,약,대기
2026-11-08,일,D-47,약속 잡기 시즌,누군가 시크릿 산타를 하자고 했다.,단톡방,Santa Tell Me,Ariana Grande,2014,시크릿 산타 제비뽑기 만들기,강,대기
2026-11-09,월,D-46,약속 잡기 시즌,회사 송년회 날짜 공지가 떴다. 하필 금요일.,메신저,Thank God It's Christmas,Queen,1984,그날 2차 갈지 말지 미리 정하기,중,대기
2026-11-10,화,D-45,약속 잡기 시즌,빼빼로데이 전날 밤 편의점 앞 대란.,사진,Rockin' Around the Christmas Tree,Brenda Lee,1958,챙겨 줄 사람 리스트 체크하기,약,대기
2026-11-11,수,D-44,약속 잡기 시즌,"빼빼로데이. 받은 건 0개, 준 건 5개.",단톡방,Christmas (Baby Please Come Home),Darlene Love,1963,나한테도 하나 사 주기,약,대기
2026-11-12,목,D-43,약속 잡기 시즌,"시크릿 산타 선물 예산, 1만 원 vs 3만 원 논쟁.",투표,Underneath the Tree,Kelly Clarkson,2013,예산 투표 올리고 다수결로 끝내기,중,대기
2026-11-13,금,D-42,약속 잡기 시즌,13일의 금요일인데 연말 약속이 확정됐다. 오히려 좋아.,단톡방,Happy Xmas (War Is Over),John Lennon & Yoko Ono,1971,확정된 약속 캘린더에 바로 넣기,강,대기
2026-11-14,토,D-41,약속 잡기 시즌,올해 첫 붕어빵 발견. 팥 vs 슈크림.,사진,Cozy Little Christmas,Katy Perry,2018,붕어빵 파는 곳 친구한테 공유하기,약,대기
2026-11-15,일,D-40,약속 잡기 시즌,D-40. 크리스마스 당일에 약속 없는 사람 손?,단톡방,Blue Christmas,Elvis Presley,1957,이브/당일 같이 보낼 사람 찾기,강,대기
2026-11-16,월,D-39,약속 잡기 시즌,친구가 연말 파티 드레스코드를 정하자고 한다.,단톡방,Santa Baby,Eartha Kitt,1953,드레스코드 컬러 하나 정하기,강,대기
2026-11-17,화,D-38,약속 잡기 시즌,회사 송년회 장기자랑 공지. 신입은 필참이래.,메신저,Christmas Wrapping,The Waitresses,1981,장기자랑 후보곡 3개 뽑기,중,대기
2026-11-18,수,D-37,약속 잡기 시즌,수능 시즌. 수험생 동생한테 뭐 사 주지?,장바구니,It's the Most Wonderful Time of the Year,Andy Williams,1963,응원 메시지 하나 보내기,약,대기
2026-11-19,목,D-36,약속 잡기 시즌,퇴근길 거리에 트리 불빛이 처음 켜졌다.,사진,Christmas Lights,Coldplay,2010,트리 불빛 사진 찍어서 스토리 올리기,약,대기
2026-11-20,금,D-35,약속 잡기 시즌,불금 단톡방: '크리스마스이브에 뭐 함?' 아무도 대답이 없다.,단톡방,Last Christmas,Wham!,1984,이브 계획 먼저 제안하기,강,대기
2026-11-21,토,D-34,약속 잡기 시즌,파티룸 예약하려고 봤더니 12월 주말이 거의 마감이다.,예약 화면,It's Beginning to Look a Lot Like Christmas,Michael Bublé,2011,원하는 날짜 오늘 바로 문의하기,강,대기
2026-11-22,일,D-33,약속 잡기 시즌,연말 사진 잘 나오려고 미용실 예약할까 고민 중.,메신저,Sleigh Ride,The Ronettes,1963,연말 모임 전에 미용실 예약하기,중,대기
2026-11-23,월,D-32,약속 잡기 시즌,월요일인데 마음은 이미 12월에 가 있다.,캘린더,Jingle Bells,전통 캐럴,1857,이번 주 버틸 보상 하나 정하기,약,대기
2026-11-24,화,D-31,약속 잡기 시즌,시크릿 산타 뽑았는데 제일 어색한 사람이 나왔다.,단톡방,Mistletoe,Justin Bieber,2011,그 사람 취향 몰래 조사하기,중,대기
2026-11-25,수,D-30,약속 잡기 시즌,D-30! 한 달 남은 크리스마스. 내 계획은 아직 0.,캘린더,One More Sleep,Leona Lewis,2013,크리스마스 계획 딱 한 줄로 정하기,강,대기
2026-11-26,목,D-29,약속 잡기 시즌,월급 들어오자마자 장바구니부터 열었다.,장바구니,Rockin' Around the Christmas Tree,Brenda Lee,1958,선물 예산부터 따로 빼 두기,약,대기
2026-11-27,금,D-28,약속 잡기 시즌,블랙프라이데이. 선물 사려다 결국 내 것만 샀다.,장바구니,8 Days of Christmas,Destiny's Child,2001,선물 하나는 꼭 결제하기,약,대기
2026-11-28,토,D-27,약속 잡기 시즌,첫눈 예보에 단톡방이 난리 났다. (첫눈 온 날로 교체 가능),단톡방,첫 눈,EXO,2013,첫눈 오면 바로 사진 보내기 약속,중,대기
2026-11-29,일,D-26,약속 잡기 시즌,11월 마지막 주말. 트리를 꺼낼까 말까.,사진,Deck the Halls,웨일스 전통 캐럴,,오늘 트리 꺼내기,중,대기
2026-11-30,월,D-25,약속 잡기 시즌,내일부터 12월. 올해가 진짜 끝나 간다.,캘린더,12월의 기적,EXO,2013,11월에 고마웠던 사람 한 명한테 연락하기,중,대기
2026-12-01,화,D-24,본격 연말,12월 1일. 진짜 시작이다. 어드벤트 캘린더 첫 칸 오픈!,캘린더,미리 메리 크리스마스,아이유,2011,오늘부터 하루 하나씩 연말 위시 적기,중,대기
2026-12-02,수,D-23,본격 연말,트리 설치 인증 vs 아직 박스에 있는 트리.,사진,Christmas Tree Farm,Taylor Swift,2019,트리 사진 올리고 친구 태그하기,중,대기
2026-12-03,목,D-22,본격 연말,단톡방에 '연말에 한번 보자' 올라온 지 3일째. 아무도 날짜를 안 잡는다.,단톡방,All I Want for Christmas Is You,Mariah Carey,1994,단톡방에 날짜 투표 올리기 · 답 없는 친구 태그,강,대기
2026-12-04,금,D-21,본격 연말,송년회 1차 끝나고 '2차 어디 가?' 회의만 30분.,단톡방,Step Into Christmas,Elton John,1973,2차 장소까지 미리 정해 두기,강,대기
2026-12-05,토,D-20,본격 연말,송년회 시즌 첫 주말. 약속이 3개 겹쳤다.,캘린더,Feliz Navidad,José Feliciano,1970,겹친 약속 하나로 합치기,강,대기
2026-12-06,일,D-19,본격 연말,어제 송년회 후유증. 오늘 해장은 뭐로 하지?,단톡방,Driving Home for Christmas,Chris Rea,1986,어제 찍은 사진 단톡방에 공유하기,중,대기
2026-12-07,월,D-18,본격 연말,회사 송년회 장기자랑 연습 중. 이게 맞나?,메신저,Merry Christmas Everyone,Shakin' Stevens,1985,연습 영상은 혼자만 간직하기,약,대기
2026-12-08,화,D-17,본격 연말,"시크릿 산타 선물, 아직 못 샀다.",장바구니,Santa Tell Me,Ariana Grande,2014,오늘 안에 주문 완료하기,중,대기
2026-12-09,수,D-16,본격 연말,총무가 송년회 정산 엑셀을 만들었다. 입금 안 한 사람 누구?,단톡방,Thank God It's Christmas,Queen,1984,정산 미입금자 조용히 태그하기,중,대기
2026-12-10,목,D-15,본격 연말,크리스마스 레스토랑 예약이 전부 마감됐다.,예약 화면,It's Beginning to Look a Lot Like Christmas,Michael Bublé,2011,우리끼리 파티 플랜 B 세우기,강,대기
2026-12-11,금,D-14,본격 연말,2주 남았는데 아직 이브 계획이 없다.,캘린더,Last Christmas,Wham!,1984,이브에 만날 사람한테 지금 연락하기,강,대기
2026-12-12,토,D-13,본격 연말,홍대 거리 크리스마스 분위기 최고. 근데 사람도 최고.,사진,Rockin' Around the Christmas Tree,Brenda Lee,1958,북적이지 않는 우리만의 장소 찾기,강,대기
2026-12-13,일,D-12,본격 연말,연말 홈파티 음식 뭐 시킬지 투표 중.,투표,A Holly Jolly Christmas,Burl Ives,1964,메뉴 투표 마감하기,강,대기
2026-12-14,월,D-11,본격 연말,올해 회고를 써 보려고 앉았다. 첫 줄부터 막힌다.,메모장,Have Yourself a Merry Little Christmas,Judy Garland,1944,올해 잘한 일 3개 적기,약,대기
2026-12-15,화,D-10,본격 연말,크리스마스카드를 쓰는데 손글씨가 너무 오랜만이다.,사진,The Christmas Song,Nat King Cole,1946,카드 한 장 써서 직접 주기,약,대기
2026-12-16,수,D-9,본격 연말,"커플은 이브 계획, 솔로는 이브 단톡방 결성.",단톡방,크리스마스니까,젤리피쉬,2012,솔로 이브 파티 멤버 모으기,강,대기
2026-12-17,목,D-8,본격 연말,회사 마지막 회의. '그건 내년에 다시 얘기하죠.',메신저,Wonderful Christmastime,Paul McCartney,1979,올해 업무 하나 깔끔하게 마무리하기,약,대기
2026-12-18,금,D-7,본격 연말,D-7. 파티 준비물 체크리스트 작성 중.,체크리스트,Jingle Bell Rock,Bobby Helms,1957,준비물 체크리스트 친구랑 나누기,강,대기
2026-12-19,토,D-6,본격 연말,크리스마스 전 마지막 주말. 파티 시즌 피크.,단톡방,Run Rudolph Run,Chuck Berry,1958,오늘 모이는 친구들 사진 남기기,강,대기
2026-12-20,일,D-5,본격 연말,선물 포장하다가 테이프가 다 떨어졌다.,사진,Underneath the Tree,Kelly Clarkson,2013,포장 다 끝낸 선물 인증하기,약,대기
2026-12-21,월,D-4,본격 연말,크리스마스 주간. 연차 쓴 사람 vs 출근한 사람.,메신저,It's the Most Wonderful Time of the Year,Andy Williams,1963,출근한 나에게 작은 선물 주기,약,대기
2026-12-22,화,D-3,본격 연말,크리스마스 당일 날씨 확인. 화이트 크리스마스 될까?,날씨 앱,White Christmas,Bing Crosby,1942,눈 오면 보낼 메시지 미리 써 두기,약,대기
2026-12-23,수,D-2,본격 연말,이브 전날. 파티 장보기 리스트가 끝이 없다.,장바구니,One More Sleep,Leona Lewis,2013,장보기 리스트 단톡방에 공유하기,강,대기
2026-12-24,목,D-1,본격 연말,크리스마스이브. 오늘 밤은 다들 어디 있어?,단톡방,Silent Night (고요한 밤 거룩한 밤),전통 캐럴,1818,오늘 함께하는 사람들이랑 사진 한 장,강,대기
2026-12-25,금,D-DAY,본격 연말,메리 크리스마스! 85일 카운트다운 끝. 함께해 줘서 고마워요.,단톡방,Joy to the World (기쁘다 구주 오셨네),전통 캐럴,,오늘 고마운 사람 태그하고 메리 크리스마스 보내기,강,대기
